Ano,Janeiro,Fevereiro,Março,Abril,Maio,Junho,Julho,Agosto,Setembro,Outubro,Novembro,Dezembro,Total,UF,Regiao
1998,0,0,0,0,0,3,35,131,512,44,0,7,732,Acre,Norte
1999,0,0,0,0,0,0,1,67,212,63,4,0,347,Acre,Norte
2000,0,0,11,1,1,1,1,136,261,18,0,0,430,Acre,Norte
2001,0,0,0,0,0,1,3,399,288,137,1,0,829,Acre,Norte
2002,0,1,0,0,0,0,59,1268,4337,932,139,3,6739,Acre,Norte
2003,14,0,0,5,18,18,427,3163,5803,1041,30,4,10523,Acre,Norte
2004,0,4,0,9,21,12,95,1003,5458,633,25,11,7271,Acre,Norte
2005,20,0,5,2,17,75,1136,7669,6092,943,27,7,15993,Acre,Norte
2006,7,1,0,2,58,34,186,1507,3737,600,66,0,6198,Acre,Norte
2007,1,14,5,8,15,76,181,1942,5446,823,38,0,8549,Acre,Norte
2008,0,0,1,1,23,18,165,1621,2947,856,63,4,5699,Acre,Norte
2009,0,2,0,2,10,1,59,366,2067,952,50,2,3511,Acre,Norte
2010,1,0,1,10,33,41,210,2752,5030,523,58,2,8661,Acre,Norte
2011,2,0,0,4,8,26,130,685,1912,264,152,8,3191,Acre,Norte
2012,1,0,0,3,15,12,132,1092,2796,627,39,3,4720,Acre,Norte
2013,0,0,0,46,11,19,98,1045,3331,318,108,4,4980,Acre,Norte
2014,0,0,1,7,1,23,91,1263,2528,406,70,8,4398,Acre,Norte
2015,3,2,1,3,2,42,118,1624,2949,912,115,8,5779,Acre,Norte
2016,13,2,0,1,23,101,588,2526,3863,515,46,6,7684,Acre,Norte
2017,0,4,0,1,9,39,362,1318,3100,1350,102,10,6295,Acre,Norte
2018,0,2,1,5,14,41,381,1368,4379,407,26,2,6626,Acre,Norte
2019,1,1,2,6,33,60,272,3051,2977,354,44,1,6802,Acre,Norte
2020,16,0,1,4,39,71,335,3578,3357,1652,129,11,9193,Acre,Norte
1998,0,0,0,0,0,0,0,1,14,20,19,32,86,Alagoas,Nordeste
1999,58,19,52,4,1,0,0,3,3,4,15,12,171,Alagoas,Nordeste
2000,11,16,32,20,1,0,0,4,22,13,2,2,123,Alagoas,Nordeste
2001,5,4,0,0,2,2,0,1,5,15,22,30,86,Alagoas,Nordeste
2002,12,15,27,6,1,0,7,5,23,35,58,102,291,Alagoas,Nordeste
2003,147,52,32,22,7,5,4,7,8,18,20,51,373,Alagoas,Nordeste
2004,13,15,34,10,3,1,3,2,11,23,38,80,233,Alagoas,Nordeste
2005,91,47,45,3,0,3,2,9,14,20,32,26,292,Alagoas,Nordeste
2006,36,32,46,7,2,0,3,5,13,39,25,60,268,Alagoas,Nordeste
2007,33,33,12,16,2,1,6,3,12,25,44,75,262,Alagoas,Nordeste
2008,52,83,47,26,8,1,0,3,14,32,73,70,409,Alagoas,Nordeste
2009,112,33,47,5,0,0,1,0,16,26,56,64,360,Alagoas,Nordeste
2010,32,39,87,5,0,2,1,4,17,14,46,52,299,Alagoas,Nordeste
2011,45,35,45,19,0,2,0,11,3,24,26,57,267,Alagoas,Nordeste
2012,43,52,58,18,23,5,1,0,6,31,85,55,377,Alagoas,Nordeste
2013,45,22,36,20,2,2,1,0,5,23,8,37,201,Alagoas,Nordeste
2014,49,26,19,15,1,2,1,3,11,3,9,26,165,Alagoas,Nordeste
2015,64,40,27,46,17,2,0,3,4,28,118,111,460,Alagoas,Nordeste
2016,22,14,10,14,4,5,5,4,15,63,79,153,388,Alagoas,Nordeste
2017,38,16,19,6,1,1,0,1,4,12,11,20,129,Alagoas,Nordeste
2018,17,16,13,2,0,6,0,12,7,52,41,35,201,Alagoas,Nordeste
2019,32,9,11,5,5,3,2,6,12,20,60,67,232,Alagoas,Nordeste
2020,45,21,12,5,1,0,3,5,4,25,10,28,159,Alagoas,Nordeste
1998,0,0,0,0,0,0,0,1,20,41,131,84,277,Amapá,Norte
1999,0,1,2,0,0,2,0,0,4,25,26,41,101,Amapá,Norte
2000,2,0,0,0,0,0,0,3,19,42,157,30,253,Amapá,Norte
2001,0,0,0,0,0,0,1,12,95,193,406,593,1300,Amapá,Norte
2002,7,2,0,0,3,0,2,21,152,710,1473,294,2664,Amapá,Norte
2003,35,0,5,3,1,3,1,21,135,526,1117,669,2516,Amapá,Norte
2004,58,1,0,1,1,7,4,18,117,534,1406,1266,3413,Amapá,Norte
2005,194,1,0,0,1,3,1,15,139,509,1054,103,2020,Amapá,Norte
2006,10,1,0,4,0,0,0,27,159,565,637,262,1665,Amapá,Norte
2007,12,1,2,0,0,0,19,10,146,485,753,56,1484,Amapá,Norte
2008,4,1,2,2,0,2,4,14,133,651,1182,158,2153,Amapá,Norte
2009,8,0,0,2,2,1,4,23,214,951,1115,136,2456,Amapá,Norte
2010,4,0,3,0,2,0,3,2,72,358,490,66,1000,Amapá,Norte
2011,0,3,0,0,2,1,4,12,140,381,407,446,1396,Amapá,Norte
2012,34,8,3,2,3,8,6,31,173,583,1157,510,2518,Amapá,Norte
2013,2,2,1,2,1,6,1,18,126,560,613,197,1529,Amapá,Norte
2014,25,2,2,1,0,2,5,19,161,592,653,386,1848,Amapá,Norte
2015,27,0,1,0,0,2,4,26,198,927,1424,327,2936,Amapá,Norte
2016,16,1,0,0,3,2,1,39,150,816,1104,463,2595,Amapá,Norte
2017,2,0,0,3,2,2,3,28,88,440,972,406,1946,Amapá,Norte
2018,14,1,0,1,1,3,4,38,123,571,450,0,1206,Amapá,Norte
2019,4,0,0,0,0,0,4,21,138,540,503,67,1277,Amapá,Norte
2020,2,1,1,0,0,3,2,16,84,527,76,38,750,Amapá,Norte
1998,0,0,0,0,0,2,72,320,263,82,6,196,941,Amazonas,Norte
1999,3,43,7,2,0,7,11,255,214,476,28,2,1048,Amazonas,Norte
2000,7,62,69,18,51,6,39,180,193,145,27,60,857,Amazonas,Norte
2001,3,8,6,1,0,5,9,499,168,332,244,22,1297,Amazonas,Norte
2002,17,2,5,2,8,5,338,1790,2916,1824,1221,267,8395,Amazonas,Norte
2003,379,129,94,42,24,36,655,3017,2594,1851,780,590,10191,Amazonas,Norte
2004,277,129,20,26,11,43,364,1850,2436,1564,988,375,8083,Amazonas,Norte
2005,225,16,15,8,36,130,1894,5981,4931,1499,833,76,15644,Amazonas,Norte
2006,79,31,30,28,20,156,574,3399,4254,2181,588,357,11697,Amazonas,Norte
2007,106,167,14,18,16,180,607,3990,3521,1663,833,178,11293,Amazonas,Norte
2008,45,48,25,35,12,42,457,2538,1716,1156,533,94,6701,Amazonas,Norte
2009,34,9,19,11,4,31,246,1799,3595,2409,983,140,9280,Amazonas,Norte
2010,93,76,64,9,37,113,788,5261,4021,1137,400,140,12139,Amazonas,Norte
2011,59,6,23,7,16,32,330,1543,1524,844,502,142,5028,Amazonas,Norte
2012,8,8,5,8,15,58,316,3616,2731,1484,749,116,9114,Amazonas,Norte
2013,43,4,23,26,21,81,359,1981,2204,1235,258,277,6512,Amazonas,Norte
2014,71,17,30,20,17,73,253,3604,3148,794,692,289,9008,Amazonas,Norte
2015,38,71,25,20,11,34,365,4235,5004,2233,909,474,13419,Amazonas,Norte
2016,654,252,105,13,26,84,1087,3652,2785,1913,497,105,11173,Amazonas,Norte
2017,62,21,24,15,33,95,1534,4793,3185,1190,486,247,11685,Amazonas,Norte
2018,46,93,54,14,19,123,1346,2589,4928,1725,472,37,11446,Amazonas,Norte
2019,35,90,114,10,21,57,1371,6668,3026,548,573,163,12676,Amazonas,Norte
2020,197,73,77,12,15,122,2119,8030,4270,1265,374,175,16729,Amazonas,Norte
1998,0,0,0,0,0,55,219,813,2719,1970,49,82,5907,Bahia,Nordeste
1999,114,157,83,55,76,62,107,453,1273,1308,49,37,3774,Bahia,Nordeste
2000,31,32,65,23,71,176,199,629,2284,3350,114,24,6998,Bahia,Nordeste
2001,25,101,4,26,84,98,245,978,3957,1687,699,158,8062,Bahia,Nordeste
2002,124,204,146,108,164,116,611,1812,7167,5415,1169,1012,18048,Bahia,Nordeste
2003,560,306,401,512,226,362,557,1078,9547,4515,655,865,19584,Bahia,Nordeste
2004,201,193,179,200,251,306,355,1512,7395,5701,2016,674,18983,Bahia,Nordeste
2005,414,227,234,180,168,240,424,1141,4244,9031,1801,343,18447,Bahia,Nordeste
2006,315,433,291,117,172,220,482,1318,3171,2395,810,494,10218,Bahia,Nordeste
2007,451,136,249,240,417,619,1375,4270,10076,7548,3308,779,29468,Bahia,Nordeste
2008,376,281,201,229,217,207,554,1032,4961,7949,4599,175,20781,Bahia,Nordeste
2009,227,175,329,56,48,117,340,450,3580,2742,525,367,8956,Bahia,Nordeste
2010,368,272,192,136,254,430,663,2635,5780,5375,694,264,17063,Bahia,Nordeste
2011,135,177,158,204,225,376,578,1524,6967,2306,197,289,13136,Bahia,Nordeste
2012,226,242,472,428,335,387,909,1810,6815,4529,214,529,16896,Bahia,Nordeste
2013,161,282,441,125,176,228,378,602,2617,1866,248,107,7231,Bahia,Nordeste
2014,123,84,128,157,201,235,235,606,2472,2515,308,126,7190,Bahia,Nordeste
2015,240,124,183,122,133,233,300,791,6921,4695,1569,1202,16513,Bahia,Nordeste
2016,240,340,237,193,240,388,340,727,1729,1312,402,163,6311,Bahia,Nordeste
2017,150,91,160,91,124,213,234,809,1146,3144,222,66,6450,Bahia,Nordeste
2018,102,45,126,71,101,190,281,477,1930,1345,169,119,4956,Bahia,Nordeste
2019,212,432,475,141,142,186,337,542,1896,1783,924,301,7371,Bahia,Nordeste
2020,164,153,92,98,95,244,341,437,1918,3666,447,257,7912,Bahia,Nordeste
1998,0,0,0,0,0,1,76,95,601,1019,575,277,2644,Ceará,Nordeste
1999,47,17,30,6,5,16,84,135,132,314,526,396,1708,Ceará,Nordeste
2000,1,7,10,16,7,16,20,81,130,876,671,389,2224,Ceará,Nordeste
2001,11,0,0,2,81,38,147,224,808,2051,2461,545,6368,Ceará,Nordeste
2002,33,76,17,6,10,13,23,136,241,1954,3259,2409,8177,Ceará,Nordeste
2003,323,10,6,4,7,9,41,133,420,2465,4760,3448,11626,Ceará,Nordeste
2004,213,11,3,1,7,8,22,69,207,1610,3615,4816,10582,Ceará,Nordeste
2005,476,41,7,7,2,7,33,71,187,1659,3434,2600,8524,Ceará,Nordeste
2006,298,31,8,4,0,3,18,80,265,932,2077,2451,6167,Ceará,Nordeste
2007,428,5,7,5,11,14,35,237,354,1457,2639,2335,7527,Ceará,Nordeste
2008,230,29,0,0,0,6,13,58,199,1014,2668,3414,7631,Ceará,Nordeste
2009,464,16,1,0,1,0,9,32,93,526,1978,2327,5447,Ceará,Nordeste
2010,355,76,46,11,6,21,58,206,383,676,2327,769,4934,Ceará,Nordeste
2011,39,9,3,1,4,7,24,42,226,478,2062,1903,4798,Ceará,Nordeste
2012,308,44,13,2,23,33,50,267,512,1102,1165,789,4308,Ceará,Nordeste
2013,135,55,24,7,9,12,8,36,177,472,986,910,2831,Ceará,Nordeste
2014,119,9,4,3,4,15,39,133,136,444,761,660,2327,Ceará,Nordeste
2015,189,20,14,0,17,17,23,118,183,603,1009,965,3158,Ceará,Nordeste
2016,103,12,6,11,7,32,106,286,335,1241,1373,804,4316,Ceará,Nordeste
2017,91,10,4,3,6,6,15,98,336,793,953,1171,3486,Ceará,Nordeste
2018,166,6,8,1,2,17,29,202,429,591,860,723,3034,Ceará,Nordeste
2019,194,12,3,1,3,9,18,138,460,1373,1324,769,4304,Ceará,Nordeste
2020,94,8,2,0,3,12,63,209,440,913,1279,956,3979,Ceará,Nordeste
1998,0,0,0,0,0,2,17,48,31,3,0,0,101,Distrito Federal,Centro Oeste
1999,0,2,0,0,0,3,4,15,12,8,1,0,45,Distrito Federal,Centro Oeste
2000,0,0,0,0,2,1,15,9,3,17,0,0,47,Distrito Federal,Centro Oeste
2001,0,1,0,0,0,3,22,25,13,0,0,1,65,Distrito Federal,Centro Oeste
2002,0,0,0,1,1,7,38,49,41,22,1,1,161,Distrito Federal,Centro Oeste
2003,0,1,0,0,1,32,50,43,22,12,0,0,161,Distrito Federal,Centro Oeste
2004,0,0,0,2,11,5,46,110,116,22,0,0,312,Distrito Federal,Centro Oeste
2005,0,0,0,0,4,4,38,46,25,18,5,0,140,Distrito Federal,Centro Oeste
2006,0,0,0,1,9,10,38,64,17,1,0,0,140,Distrito Federal,Centro Oeste
2007,1,0,1,3,16,59,87,197,99,22,0,0,485,Distrito Federal,Centro Oeste
2008,0,0,2,1,7,11,39,71,56,8,6,0,201,Distrito Federal,Centro Oeste
2009,1,0,0,0,15,6,32,37,4,4,0,0,99,Distrito Federal,Centro Oeste
2010,1,5,2,8,22,78,100,181,204,10,1,1,613,Distrito Federal,Centro Oeste
2011,0,2,0,1,5,18,54,55,135,0,0,0,270,Distrito Federal,Centro Oeste
2012,0,0,0,4,0,4,27,51,67,16,0,0,169,Distrito Federal,Centro Oeste
2013,0,1,1,0,2,5,25,33,33,3,0,2,105,Distrito Federal,Centro Oeste
2014,0,1,1,2,9,6,28,96,67,31,0,0,241,Distrito Federal,Centro Oeste
2015,1,0,0,0,2,1,15,53,64,17,2,0,155,Distrito Federal,Centro Oeste
2016,0,1,1,4,13,37,78,35,51,8,1,0,229,Distrito Federal,Centro Oeste
2017,1,0,0,1,6,5,28,118,77,51,0,0,287,Distrito Federal,Centro Oeste
2018,0,0,0,0,2,1,29,15,41,0,0,0,88,Distrito Federal,Centro Oeste
2019,4,1,0,0,0,6,30,29,116,27,0,0,213,Distrito Federal,Centro Oeste
2020,2,2,0,5,5,11,25,22,83,39,1,1,196,Distrito Federal,Centro Oeste
1998,0,0,0,0,0,6,37,38,110,20,4,5,220,Espírito Santo,Sudeste
1999,33,10,8,2,16,6,9,60,64,23,9,0,240,Espírito Santo,Sudeste
2000,5,5,1,3,2,9,16,26,14,88,3,3,175,Espírito Santo,Sudeste
2001,1,5,2,2,8,9,12,31,38,19,3,1,131,Espírito Santo,Sudeste
2002,2,4,4,2,5,18,16,76,76,151,26,22,402,Espírito Santo,Sudeste
2003,12,14,46,31,16,76,91,142,276,185,55,32,976,Espírito Santo,Sudeste
2004,0,8,2,10,4,2,14,31,77,53,56,10,267,Espírito Santo,Sudeste
2005,7,1,11,9,7,9,15,30,10,84,3,13,199,Espírito Santo,Sudeste
2006,13,53,26,6,16,35,57,90,103,18,4,10,431,Espírito Santo,Sudeste
2007,3,5,16,16,23,34,70,96,92,172,185,45,757,Espírito Santo,Sudeste
2008,20,23,7,6,9,25,36,57,95,116,9,9,412,Espírito Santo,Sudeste
2009,3,13,14,6,8,16,28,21,62,14,23,31,239,Espírito Santo,Sudeste
2010,55,27,5,13,11,25,6,39,65,34,3,12,295,Espírito Santo,Sudeste
2011,6,49,5,8,7,15,27,83,115,35,8,6,364,Espírito Santo,Sudeste
2012,0,27,38,76,25,21,45,17,39,66,7,23,384,Espírito Santo,Sudeste
2013,14,21,18,19,13,24,29,58,28,32,11,8,275,Espírito Santo,Sudeste
2014,11,16,15,8,15,8,11,36,52,82,17,25,296,Espírito Santo,Sudeste
2015,77,59,23,25,11,16,25,28,198,290,131,57,940,Espírito Santo,Sudeste
2016,37,19,103,49,42,45,38,75,112,60,7,12,599,Espírito Santo,Sudeste
2017,14,7,9,7,9,23,3,26,31,46,12,0,187,Espírito Santo,Sudeste
2018,6,1,9,7,4,12,41,9,51,36,11,18,205,Espírito Santo,Sudeste
2019,25,32,22,21,10,19,78,35,171,73,123,13,622,Espírito Santo,Sudeste
2020,10,11,6,8,11,51,34,25,131,82,10,22,401,Espírito Santo,Sudeste
1998,0,0,0,0,0,172,512,2216,2870,1036,48,13,6867,Goiás,Centro Oeste
1999,14,334,1,25,98,252,311,1198,1898,743,111,20,5005,Goiás,Centro Oeste
2000,10,11,4,16,58,222,332,925,1294,906,26,6,3810,Goiás,Centro Oeste
2001,28,9,10,49,85,209,370,788,1861,477,15,18,3919,Goiás,Centro Oeste
2002,12,9,48,78,171,303,792,1498,4412,1665,273,118,9379,Goiás,Centro Oeste
2003,13,55,34,127,265,855,867,975,1978,1318,212,175,6874,Goiás,Centro Oeste
2004,15,14,59,84,313,515,852,1618,3544,1548,356,94,9012,Goiás,Centro Oeste
2005,30,110,46,150,269,248,536,970,1565,2018,169,17,6128,Goiás,Centro Oeste
2006,104,28,42,61,192,298,502,948,1630,270,254,58,4387,Goiás,Centro Oeste
2007,48,20,104,83,349,690,925,2948,4978,2169,240,85,12639,Goiás,Centro Oeste
2008,33,25,23,64,200,209,552,987,1464,1425,195,63,5240,Goiás,Centro Oeste
2009,47,45,60,37,136,201,481,638,709,413,111,42,2920,Goiás,Centro Oeste
2010,60,100,96,144,280,723,1224,3336,5906,1418,79,53,13419,Goiás,Centro Oeste
2011,40,56,26,111,161,333,600,1549,2250,539,76,25,5766,Goiás,Centro Oeste
2012,22,29,71,116,123,254,556,899,2334,1450,64,113,6031,Goiás,Centro Oeste
2013,43,67,74,61,187,202,356,527,735,567,162,69,3050,Goiás,Centro Oeste
2014,60,34,54,117,197,302,424,1201,1568,1728,160,52,5897,Goiás,Centro Oeste
2015,105,43,48,58,117,263,320,876,2033,1607,490,147,6107,Goiás,Centro Oeste
2016,27,69,107,152,210,261,815,1038,1571,488,115,59,4912,Goiás,Centro Oeste
2017,46,64,91,58,138,308,433,1109,2155,1858,125,43,6428,Goiás,Centro Oeste
2018,54,41,113,74,181,183,405,518,1070,345,36,90,3110,Goiás,Centro Oeste
2019,129,88,138,83,134,217,403,698,4149,873,160,88,7160,Goiás,Centro Oeste
2020,60,92,124,156,150,314,402,964,1825,1622,229,70,6008,Goiás,Centro Oeste
1998,0,0,0,0,0,78,276,1177,3933,5140,2235,1396,14235,Maranhão,Nordeste
1999,54,6,17,4,3,32,258,897,1739,3207,1494,1001,8712,Maranhão,Nordeste
2000,19,11,6,6,28,94,233,839,1364,2654,2267,1462,8983,Maranhão,Nordeste
2001,29,1,0,2,21,101,549,2035,4550,6597,3521,1290,18696,Maranhão,Nordeste
2002,49,116,16,28,71,227,1675,3789,5543,7152,8421,3377,30464,Maranhão,Nordeste
2003,575,13,24,112,236,865,2675,2407,7799,8588,7536,3718,34548,Maranhão,Nordeste
2004,338,24,43,98,324,818,1677,2426,6807,5386,10348,5296,33585,Maranhão,Nordeste
2005,674,73,19,99,108,662,1984,3118,7805,8704,6670,3775,33691,Maranhão,Nordeste
2006,386,36,19,20,89,520,1416,2416,3782,4270,6879,3469,23302,Maranhão,Nordeste
2007,634,21,89,76,294,1477,2786,10780,11245,9694,5191,2478,44765,Maranhão,Nordeste
2008,203,59,6,40,101,687,1542,1777,3575,5018,5728,3386,22122,Maranhão,Nordeste
2009,400,30,39,27,25,312,1182,2181,3107,2839,6505,2485,19132,Maranhão,Nordeste
2010,457,104,129,143,300,1225,2601,6826,11813,4095,6082,2502,36277,Maranhão,Nordeste
2011,195,14,43,46,98,689,1159,2192,5086,3171,4038,2584,19315,Maranhão,Nordeste
2012,461,84,54,114,370,987,3693,10519,7376,5911,2644,2086,34299,Maranhão,Nordeste
2013,316,72,45,83,132,603,1332,2374,4312,3221,2368,2597,17455,Maranhão,Nordeste
2014,291,17,40,66,140,786,2027,5338,4357,5574,3710,2329,24675,Maranhão,Nordeste
2015,458,78,41,103,184,850,1616,5411,5502,6387,4159,3647,28436,Maranhão,Nordeste
2016,395,268,70,103,186,693,2182,3849,3109,5617,3826,1491,21789,Maranhão,Nordeste
2017,178,44,32,90,157,644,1973,3001,9243,4538,2706,2970,25576,Maranhão,Nordeste
2018,281,15,93,50,203,738,1457,2833,3177,1832,2309,904,13892,Maranhão,Nordeste
2019,712,74,57,63,139,749,1078,3366,3667,3645,3158,1813,18521,Maranhão,Nordeste
2020,86,72,39,93,231,757,1871,2162,4403,3394,2481,1228,16817,Maranhão,Nordeste
1998,0,0,0,0,0,2200,3711,15404,10360,2705,182,76,34638,Mato Grosso,Centro Oeste
1999,39,28,18,76,730,2201,3926,18563,11726,6111,842,47,44307,Mato Grosso,Centro Oeste
2000,44,35,60,59,1192,4358,1335,6059,6251,6063,502,98,26056,Mato Grosso,Centro Oeste
2001,44,54,24,309,1191,6641,1554,7755,8487,6544,373,37,33013,Mato Grosso,Centro Oeste
2002,172,22,103,641,2522,7879,6932,16911,18707,10863,3247,1127,69126,Mato Grosso,Centro Oeste
2003,883,566,541,930,2765,9038,12311,12841,19936,6660,2443,1646,70560,Mato Grosso,Centro Oeste
2004,261,397,822,946,4053,11530,13214,16025,34088,11405,2825,1446,97012,Mato Grosso,Centro Oeste
2005,440,951,423,1010,2259,2696,6543,18153,27674,9852,1539,564,72104,Mato Grosso,Centro Oeste
2006,1000,414,474,428,1013,2398,4561,9975,17382,2818,2711,305,43479,Mato Grosso,Centro Oeste
2007,470,280,679,809,1546,3552,4217,18331,37231,11291,1025,537,79968,Mato Grosso,Centro Oeste
2008,232,208,227,358,522,1147,2497,5259,9639,7778,984,597,29448,Mato Grosso,Centro Oeste
2009,615,203,379,255,601,1148,1730,2326,3692,3173,730,207,15059,Mato Grosso,Centro Oeste
2010,327,440,663,893,1382,2186,4037,17459,24140,5433,920,1133,59013,Mato Grosso,Centro Oeste
2011,206,147,301,467,640,1074,1066,2652,6634,2533,1198,453,17371,Mato Grosso,Centro Oeste
2012,179,200,419,560,958,1933,2120,6429,10620,3475,488,572,27953,Mato Grosso,Centro Oeste
2013,276,374,636,411,962,1388,1711,3739,5915,1828,906,408,18554,Mato Grosso,Centro Oeste
2014,244,134,481,658,803,1696,2112,6418,6569,4657,836,347,24955,Mato Grosso,Centro Oeste
2015,720,396,517,638,437,1328,1461,4498,8933,5730,1670,1413,27741,Mato Grosso,Centro Oeste
2016,300,763,934,1351,929,1306,3301,6168,8284,2715,855,399,27305,Mato Grosso,Centro Oeste
2017,457,295,698,708,844,1476,2100,4578,14840,3738,928,249,30911,Mato Grosso,Centro Oeste
2018,317,266,766,426,985,1623,1816,2650,6638,1711,363,471,18032,Mato Grosso,Centro Oeste
2019,576,709,1188,708,1118,2151,2326,8030,10747,1774,1176,666,31169,Mato Grosso,Centro Oeste
2020,768,806,1270,992,951,1960,2429,10430,20312,5259,1919,612,47708,Mato Grosso,Centro Oeste
1998,0,0,0,0,0,82,360,228,457,576,307,101,2111,Mato Grosso do Sul,Centro Oeste
1999,239,69,100,97,206,125,1297,4356,2971,2056,1195,306,13017,Mato Grosso do Sul,Centro Oeste
2000,326,81,23,90,127,157,160,530,509,657,274,139,3073,Mato Grosso do Sul,Centro Oeste
2001,97,90,39,108,112,250,590,2450,1384,563,220,143,6046,Mato Grosso do Sul,Centro Oeste
2002,305,98,115,230,88,520,1064,4183,2930,2586,1938,486,14543,Mato Grosso do Sul,Centro Oeste
2003,238,142,159,177,273,499,571,1002,1185,710,476,180,5612,Mato Grosso do Sul,Centro Oeste
2004,375,271,323,175,58,550,598,1605,3070,1104,312,175,8616,Mato Grosso do Sul,Centro Oeste
2005,71,301,261,251,483,557,1364,6141,2291,806,226,152,12904,Mato Grosso do Sul,Centro Oeste
2006,72,149,166,106,298,285,728,1570,1199,333,250,88,5244,Mato Grosso do Sul,Centro Oeste
2007,23,137,179,169,242,530,592,2279,5380,1268,245,95,11139,Mato Grosso do Sul,Centro Oeste
2008,59,108,128,116,152,163,358,823,1754,515,182,472,4830,Mato Grosso do Sul,Centro Oeste
2009,310,173,150,639,866,434,369,818,1165,895,409,85,6313,Mato Grosso do Sul,Centro Oeste
2010,80,167,178,162,132,408,701,1901,2197,746,335,349,7356,Mato Grosso do Sul,Centro Oeste
2011,148,66,47,31,106,117,270,567,1048,348,439,544,3731,Mato Grosso do Sul,Centro Oeste
2012,187,127,192,105,154,110,553,2782,2166,689,150,213,7428,Mato Grosso do Sul,Centro Oeste
2013,161,107,160,93,96,46,226,715,1088,393,368,162,3615,Mato Grosso do Sul,Centro Oeste
2014,156,119,72,113,68,81,190,296,343,529,175,72,2214,Mato Grosso do Sul,Centro Oeste
2015,176,106,119,54,54,289,355,1200,1263,451,228,322,4617,Mato Grosso do Sul,Centro Oeste
2016,108,119,101,141,98,132,673,1292,2292,1070,235,112,6373,Mato Grosso do Sul,Centro Oeste
2017,322,146,164,69,69,150,817,1159,2084,541,136,80,5737,Mato Grosso do Sul,Centro Oeste
2018,47,50,163,94,100,131,333,442,642,124,56,198,2380,Mato Grosso do Sul,Centro Oeste
2019,542,290,159,70,113,397,748,2430,3210,2310,1243,141,11653,Mato Grosso do Sul,Centro Oeste
2020,226,250,575,813,355,508,1305,2508,3097,1949,299,195,12080,Mato Grosso do Sul,Centro Oeste
1998,0,0,0,0,0,70,231,878,1977,1091,31,21,4299,Minas Gerais,Sudeste
1999,36,112,13,27,51,133,319,1193,2687,1361,271,32,6235,Minas Gerais,Sudeste
2000,24,20,24,49,67,135,345,770,1080,1954,43,14,4525,Minas Gerais,Sudeste
2001,18,39,13,60,83,165,265,858,1597,529,62,44,3733,Minas Gerais,Sudeste
2002,29,62,62,99,98,207,888,2142,3818,4660,486,280,12831,Minas Gerais,Sudeste
2003,47,181,123,265,369,1065,1465,2094,7489,5540,508,280,19426,Minas Gerais,Sudeste
2004,29,36,125,161,237,303,831,1865,5288,3062,1066,226,13229,Minas Gerais,Sudeste
2005,52,106,157,227,230,336,874,1520,2301,7145,548,206,13702,Minas Gerais,Sudeste
2006,168,135,103,153,379,444,1277,1948,3077,815,195,138,8832,Minas Gerais,Sudeste
2007,115,99,263,188,473,884,1429,3681,6800,5880,2306,396,22514,Minas Gerais,Sudeste
2008,99,84,113,172,285,283,767,1448,2765,4299,1436,137,11888,Minas Gerais,Sudeste
2009,82,104,132,61,200,216,515,702,1380,1128,310,106,4936,Minas Gerais,Sudeste
2010,132,185,121,144,246,619,1040,3634,5200,2196,119,130,13766,Minas Gerais,Sudeste
2011,112,131,82,97,201,387,889,2445,5930,1251,192,49,11766,Minas Gerais,Sudeste
2012,90,140,181,201,178,245,701,919,2919,4038,258,238,10108,Minas Gerais,Sudeste
2013,93,161,136,80,182,191,512,933,1618,1157,244,80,5387,Minas Gerais,Sudeste
2014,130,121,62,145,208,344,537,1791,3154,4373,349,123,11337,Minas Gerais,Sudeste
2015,127,69,62,85,109,192,272,962,2631,3393,1340,248,9490,Minas Gerais,Sudeste
2016,37,127,91,166,178,241,986,1563,1979,911,113,90,6482,Minas Gerais,Sudeste
2017,99,54,99,67,124,233,471,1610,3084,2336,145,61,8383,Minas Gerais,Sudeste
2018,62,60,107,56,153,201,557,553,1860,840,86,92,4627,Minas Gerais,Sudeste
2019,142,111,127,85,143,322,808,1369,3833,2049,892,118,9999,Minas Gerais,Sudeste
2020,80,114,82,83,166,272,536,1155,3467,2404,281,97,8737,Minas Gerais,Sudeste
1998,0,0,0,0,0,58,639,6816,6237,3666,1862,1009,20287,Pará,Norte
1999,87,285,7,6,4,37,982,6179,4417,5026,2682,766,20478,Pará,Norte
2000,30,29,181,40,12,59,426,5484,2569,4308,3366,1697,18201,Pará,Norte
2001,34,16,0,0,7,42,709,9042,6136,5102,4936,2566,28590,Pará,Norte
2002,144,120,14,11,18,149,1308,21369,11379,7848,12795,5083,60238,Pará,Norte
2003,1440,23,28,14,112,403,3814,8875,12633,6673,10732,8293,53040,Pará,Norte
2004,875,36,29,61,193,637,6620,17861,14249,7464,15958,10231,74214,Pará,Norte
2005,2861,121,32,43,101,656,9464,23635,12728,8689,9368,3779,71477,Pará,Norte
2006,855,110,18,11,8,423,1955,15064,13225,9346,9684,5141,55840,Pará,Norte
2007,817,39,17,17,90,671,1885,21386,22055,8346,10114,3054,68491,Pará,Norte
2008,240,99,11,12,30,328,3020,11035,9463,11568,9456,3187,48449,Pará,Norte
2009,466,26,11,15,8,91,703,5386,8961,9444,12485,4068,41664,Pará,Norte
2010,701,147,141,30,97,441,2065,21677,15187,6435,7544,2731,57196,Pará,Norte
2011,219,25,16,10,21,199,1024,3040,6821,4588,5760,4840,26563,Pará,Norte
2012,534,78,16,24,98,305,1041,9168,8190,5946,8871,2950,37221,Pará,Norte
2013,291,47,20,29,74,323,793,3173,4363,5510,3844,5579,24046,Pará,Norte
2014,570,30,17,23,55,284,813,8147,6636,6241,7908,4802,35526,Pará,Norte
2015,866,92,31,22,84,241,882,7672,9394,7379,9783,6718,43164,Pará,Norte
2016,1479,370,53,51,148,509,1732,5185,3878,5954,7314,3051,29724,Pará,Norte
2017,213,14,18,42,121,486,3696,8781,15735,6146,9639,4879,49770,Pará,Norte
2018,536,36,51,13,78,454,929,2782,4892,5028,6276,1005,22080,Pará,Norte
2019,355,80,46,38,80,315,1443,10185,4618,3870,7390,1745,30165,Pará,Norte
2020,225,64,63,38,88,491,2687,10865,10876,8052,2970,2184,38603,Pará,Norte
1998,0,0,0,0,0,3,0,3,50,178,47,53,334,Paraíba,Nordeste
1999,26,2,1,3,0,1,1,4,14,49,38,40,179,Paraíba,Nordeste
2000,0,11,5,1,0,1,0,6,9,127,66,34,260,Paraíba,Nordeste
2001,11,6,0,0,4,0,9,34,98,278,296,70,806,Paraíba,Nordeste
2002,5,18,3,1,1,1,9,51,93,219,250,167,818,Paraíba,Nordeste
2003,77,3,1,2,2,0,13,15,94,427,604,324,1562,Paraíba,Nordeste
2004,38,1,3,3,3,0,3,24,52,205,391,385,1108,Paraíba,Nordeste
2005,169,22,16,4,0,0,1,1,13,172,305,301,1004,Paraíba,Nordeste
2006,85,10,8,1,0,2,2,8,32,136,391,339,1014,Paraíba,Nordeste
2007,77,13,2,1,0,0,6,14,31,165,429,249,987,Paraíba,Nordeste
2008,88,20,6,2,0,0,1,3,22,109,299,317,867,Paraíba,Nordeste
2009,126,13,4,5,0,0,4,3,29,116,464,292,1056,Paraíba,Nordeste
2010,52,15,18,2,12,3,7,13,42,166,544,82,956,Paraíba,Nordeste
2011,12,2,11,3,0,4,6,12,53,225,406,208,942,Paraíba,Nordeste
2012,54,19,11,13,8,5,4,19,58,148,139,70,548,Paraíba,Nordeste
2013,39,11,5,7,4,3,1,3,21,53,87,72,306,Paraíba,Nordeste
2014,64,5,16,7,1,0,9,28,49,67,91,58,395,Paraíba,Nordeste
2015,36,15,6,11,6,0,2,5,47,113,190,109,540,Paraíba,Nordeste
2016,16,3,3,1,1,3,20,50,111,283,130,87,708,Paraíba,Nordeste
2017,23,8,4,1,1,0,1,2,22,102,114,85,363,Paraíba,Nordeste
2018,42,3,3,4,1,1,3,45,70,209,185,193,759,Paraíba,Nordeste
2019,42,7,4,0,3,2,4,41,139,332,351,259,1184,Paraíba,Nordeste
2020,63,16,3,1,0,4,5,50,156,248,181,183,910,Paraíba,Nordeste
1998,0,0,0,0,0,36,59,42,61,61,143,82,484,Paraná,Sul
1999,7,22,40,39,57,31,94,939,878,451,445,254,3257,Paraná,Sul
2000,49,67,51,51,43,53,98,850,381,656,85,159,2543,Paraná,Sul
2001,32,8,12,43,26,43,120,343,258,211,89,85,1270,Paraná,Sul
2002,47,24,18,84,65,115,439,2216,2451,675,853,363,7350,Paraná,Sul
2003,177,100,139,245,552,799,678,2770,2867,1480,720,339,10866,Paraná,Sul
2004,206,92,169,172,45,394,418,1989,1810,967,556,314,7132,Paraná,Sul
2005,76,158,140,100,248,223,495,1894,546,175,764,204,5023,Paraná,Sul
2006,109,95,92,187,452,396,891,1681,1141,562,205,69,5880,Paraná,Sul
2007,41,73,127,111,121,524,440,1187,1212,663,345,154,4998,Paraná,Sul
2008,59,91,69,88,289,109,705,954,653,103,242,300,3662,Paraná,Sul
2009,63,39,122,178,179,196,78,1287,198,508,120,57,3025,Paraná,Sul
2010,22,58,39,99,102,286,419,1220,419,429,245,60,3398,Paraná,Sul
2011,35,18,40,64,197,274,420,582,1156,308,192,102,3388,Paraná,Sul
2012,46,77,88,63,160,132,203,821,544,227,219,88,2668,Paraná,Sul
2013,49,20,36,137,134,97,311,701,545,238,113,150,2531,Paraná,Sul
2014,70,57,40,37,111,114,213,664,420,373,59,75,2233,Paraná,Sul
2015,87,42,43,77,74,201,131,640,604,142,23,23,2087,Paraná,Sul
2016,124,20,63,162,77,261,552,994,1428,166,260,44,4151,Paraná,Sul
2017,53,64,45,103,47,138,708,789,1120,108,319,98,3592,Paraná,Sul
2018,16,75,21,158,241,158,481,672,310,112,116,151,2511,Paraná,Sul
2019,92,24,45,59,47,266,418,1144,731,310,97,81,3314,Paraná,Sul
2020,39,49,147,309,319,238,337,801,702,352,186,40,3519,Paraná,Sul
1998,0,0,0,0,0,1,5,12,172,376,140,59,765,Pernambuco,Nordeste
1999,102,14,27,2,6,7,2,3,57,174,39,16,449,Pernambuco,Nordeste
2000,3,4,14,1,7,4,0,31,134,408,64,22,692,Pernambuco,Nordeste
2001,7,2,0,2,5,2,6,27,296,455,203,62,1067,Pernambuco,Nordeste
2002,10,19,24,5,13,1,7,34,439,657,516,260,1985,Pernambuco,Nordeste
2003,202,43,13,10,10,4,12,35,575,989,634,243,2770,Pernambuco,Nordeste
2004,41,12,12,10,5,8,17,43,219,659,528,449,2003,Pernambuco,Nordeste
2005,238,43,46,7,2,3,4,15,164,452,474,363,1811,Pernambuco,Nordeste
2006,151,49,25,8,5,1,4,13,143,365,603,392,1759,Pernambuco,Nordeste
2007,145,18,6,9,6,5,11,23,205,833,557,339,2157,Pernambuco,Nordeste
2008,184,60,34,7,2,1,6,8,95,303,517,403,1620,Pernambuco,Nordeste
2009,286,31,24,7,1,2,2,8,165,267,528,393,1714,Pernambuco,Nordeste
2010,62,54,69,6,8,5,11,27,181,387,951,158,1919,Pernambuco,Nordeste
2011,67,25,50,26,3,5,3,29,205,530,401,378,1722,Pernambuco,Nordeste
2012,161,75,68,49,44,16,11,25,171,265,177,123,1185,Pernambuco,Nordeste
2013,56,33,39,8,9,14,7,14,136,157,102,121,696,Pernambuco,Nordeste
2014,81,20,32,7,2,4,11,16,60,172,97,91,593,Pernambuco,Nordeste
2015,101,48,27,26,12,2,12,21,107,172,263,159,950,Pernambuco,Nordeste
2016,22,22,3,8,3,4,14,33,137,274,196,158,874,Pernambuco,Nordeste
2017,52,24,9,8,13,4,1,18,54,216,91,73,563,Pernambuco,Nordeste
2018,35,7,8,5,2,13,6,35,95,215,186,115,722,Pernambuco,Nordeste
2019,67,9,15,11,12,5,5,14,76,204,246,176,840,Pernambuco,Nordeste
2020,105,36,14,11,2,10,16,18,128,270,214,193,1017,Pernambuco,Nordeste
1998,0,0,0,0,0,46,188,712,1993,2581,425,119,6064,Piauí,Nordeste
1999,21,22,4,10,8,47,124,498,873,1441,336,75,3459,Piauí,Nordeste
2000,5,12,14,15,25,18,75,416,1095,2559,447,79,4760,Piauí,Nordeste
2001,29,0,2,1,36,88,338,1131,2468,3805,1489,233,9620,Piauí,Nordeste
2002,32,159,63,87,84,164,558,2288,3035,2767,1369,537,11143,Piauí,Nordeste
2003,109,6,14,25,64,213,738,884,3711,2690,1765,639,10858,Piauí,Nordeste
2004,55,25,41,25,126,252,579,1018,3181,2580,2139,1165,11186,Piauí,Nordeste
2005,111,34,8,15,27,192,636,1124,3351,3625,1830,921,11874,Piauí,Nordeste
2006,176,27,16,4,26,123,369,1244,1685,1728,1693,776,7867,Piauí,Nordeste
2007,152,18,43,44,147,656,1571,4187,5406,3512,1505,737,17978,Piauí,Nordeste
2008,71,24,5,9,40,106,237,532,1572,2125,1092,843,6656,Piauí,Nordeste
2009,114,19,24,10,12,64,316,818,1785,1046,1660,673,6541,Piauí,Nordeste
2010,116,75,36,63,253,456,1826,4102,5983,4119,1746,417,19192,Piauí,Nordeste
2011,47,12,24,22,82,507,874,1843,4389,1693,1209,461,11163,Piauí,Nordeste
2012,100,38,74,120,352,865,1746,3615,4057,2639,530,401,14537,Piauí,Nordeste
2013,78,70,15,34,49,272,371,1033,2301,1241,590,430,6484,Piauí,Nordeste
2014,91,12,78,57,131,372,1151,2169,2494,1657,670,328,9210,Piauí,Nordeste
2015,77,24,31,41,57,268,706,2039,5151,4000,842,603,13839,Piauí,Nordeste
2016,93,83,33,31,53,151,746,1730,1344,2544,1130,365,8303,Piauí,Nordeste
2017,82,19,28,23,45,142,510,1257,2192,2342,552,465,7657,Piauí,Nordeste
2018,84,8,43,11,118,382,1067,2479,2678,1641,591,329,9431,Piauí,Nordeste
2019,115,35,46,25,67,340,561,2117,3137,2671,1211,569,10894,Piauí,Nordeste
2020,47,38,28,35,54,148,511,919,2772,3437,880,448,9317,Piauí,Nordeste
1998,0,0,0,0,0,3,21,21,44,6,6,1,102,Rio de Janeiro,Sudeste
1999,0,0,0,1,7,8,14,89,192,30,16,0,357,Rio de Janeiro,Sudeste
2000,0,1,0,2,5,14,22,34,16,25,2,0,121,Rio de Janeiro,Sudeste
2001,0,3,0,2,4,13,57,127,60,33,4,2,305,Rio de Janeiro,Sudeste
2002,0,1,1,8,4,13,52,251,81,332,17,14,774,Rio de Janeiro,Sudeste
2003,2,17,33,24,32,155,235,250,224,117,10,12,1111,Rio de Janeiro,Sudeste
2004,3,6,5,12,13,55,51,151,338,40,60,16,750,Rio de Janeiro,Sudeste
2005,13,9,15,13,25,51,59,243,67,168,18,6,687,Rio de Janeiro,Sudeste
2006,18,11,14,16,56,148,301,322,243,34,7,2,1172,Rio de Janeiro,Sudeste
2007,0,21,45,31,29,46,134,330,422,295,12,4,1369,Rio de Janeiro,Sudeste
2008,2,3,4,2,33,29,136,134,177,59,2,9,590,Rio de Janeiro,Sudeste
2009,4,3,6,8,40,46,67,95,94,20,31,8,422,Rio de Janeiro,Sudeste
2010,6,86,4,6,23,110,108,355,361,44,26,10,1139,Rio de Janeiro,Sudeste
2011,9,46,4,4,15,45,122,223,504,109,15,5,1101,Rio de Janeiro,Sudeste
2012,6,12,12,5,12,11,62,76,173,162,12,8,551,Rio de Janeiro,Sudeste
2013,5,15,3,4,14,21,60,83,118,37,26,6,392,Rio de Janeiro,Sudeste
2014,26,107,25,9,13,39,44,185,315,473,31,16,1283,Rio de Janeiro,Sudeste
2015,86,28,15,8,16,21,67,141,74,78,3,5,542,Rio de Janeiro,Sudeste
2016,1,6,3,40,24,30,127,219,177,28,17,5,677,Rio de Janeiro,Sudeste
2017,12,24,8,11,16,41,59,124,439,182,39,4,959,Rio de Janeiro,Sudeste
2018,4,0,5,2,7,32,74,29,65,13,2,13,246,Rio de Janeiro,Sudeste
2019,36,21,3,0,18,47,141,157,208,70,5,6,712,Rio de Janeiro,Sudeste
2020,7,10,6,10,26,40,131,162,237,52,9,4,694,Rio de Janeiro,Sudeste
1998,0,0,0,0,0,1,5,4,49,55,41,17,172,Rio Grande do Norte,Nordeste
1999,32,10,9,21,1,4,7,38,35,40,61,29,287,Rio Grande do Norte,Nordeste
2000,1,7,10,16,3,9,4,30,17,28,9,11,145,Rio Grande do Norte,Nordeste
2001,2,0,0,10,56,13,23,55,43,34,40,20,296,Rio Grande do Norte,Nordeste
2002,4,17,3,0,6,1,11,52,74,181,223,259,831,Rio Grande do Norte,Nordeste
2003,123,20,4,1,6,12,13,108,118,344,462,336,1547,Rio Grande do Norte,Nordeste
2004,43,8,0,3,5,9,5,18,59,120,211,344,825,Rio Grande do Norte,Nordeste
2005,161,51,23,3,5,2,9,13,43,215,278,198,1001,Rio Grande do Norte,Nordeste
2006,106,21,18,4,4,1,2,19,54,89,232,184,734,Rio Grande do Norte,Nordeste
2007,78,11,5,6,12,1,14,33,74,133,219,188,774,Rio Grande do Norte,Nordeste
2008,90,39,5,3,2,2,1,4,21,80,147,203,597,Rio Grande do Norte,Nordeste
2009,116,13,2,5,0,0,2,1,26,89,181,224,659,Rio Grande do Norte,Nordeste
2010,37,20,28,9,2,2,9,30,58,105,262,66,628,Rio Grande do Norte,Nordeste
2011,15,3,5,0,2,0,0,10,30,94,153,152,464,Rio Grande do Norte,Nordeste
2012,66,16,12,4,17,5,4,28,36,75,90,79,432,Rio Grande do Norte,Nordeste
2013,23,26,7,8,2,2,0,3,6,63,71,39,250,Rio Grande do Norte,Nordeste
2014,32,7,4,2,1,1,2,19,26,69,109,45,317,Rio Grande do Norte,Nordeste
2015,38,14,3,5,4,6,3,16,33,115,87,78,402,Rio Grande do Norte,Nordeste
2016,13,2,2,2,1,5,10,23,38,109,98,75,378,Rio Grande do Norte,Nordeste
2017,27,13,3,6,2,2,3,14,28,84,103,66,351,Rio Grande do Norte,Nordeste
2018,23,6,12,3,1,6,8,47,71,87,128,64,456,Rio Grande do Norte,Nordeste
2019,20,5,2,1,0,1,4,52,81,235,230,99,730,Rio Grande do Norte,Nordeste
2020,37,5,3,2,0,1,7,30,106,175,143,155,664,Rio Grande do Norte,Nordeste
1998,0,0,0,0,0,0,0,9,60,169,28,605,871,Rio Grande do Sul,Sul
1999,63,35,38,12,13,9,10,24,19,56,103,1110,1492,Rio Grande do Sul,Sul
2000,126,43,51,1,4,0,6,18,27,10,18,80,384,Rio Grande do Sul,Sul
2001,12,32,11,3,4,1,6,36,2,13,49,80,249,Rio Grande do Sul,Sul
2002,263,38,26,6,7,4,405,1482,853,31,138,108,3361,Rio Grande do Sul,Sul
2003,91,18,50,133,179,104,687,2728,1163,595,209,175,6132,Rio Grande do Sul,Sul
2004,108,103,225,218,58,260,539,1142,643,992,273,168,4729,Rio Grande do Sul,Sul
2005,186,54,183,81,144,127,296,824,430,119,290,133,2867,Rio Grande do Sul,Sul
2006,64,63,128,172,267,115,615,1537,728,213,136,78,4116,Rio Grande do Sul,Sul
2007,61,41,34,115,89,156,375,823,749,151,118,110,2822,Rio Grande do Sul,Sul
2008,71,47,70,182,226,113,439,466,273,214,107,152,2360,Rio Grande do Sul,Sul
2009,88,26,82,302,271,118,267,1520,91,187,12,24,2988,Rio Grande do Sul,Sul
2010,42,29,43,107,28,39,196,1086,458,178,134,175,2515,Rio Grande do Sul,Sul
2011,26,20,53,88,83,109,188,284,785,109,152,82,1979,Rio Grande do Sul,Sul
2012,79,43,100,61,247,233,439,665,198,134,85,38,2322,Rio Grande do Sul,Sul
2013,47,51,56,98,58,41,196,372,356,113,102,57,1547,Rio Grande do Sul,Sul
2014,38,27,52,64,60,63,206,1200,212,98,54,31,2105,Rio Grande do Sul,Sul
2015,29,34,70,166,166,70,59,381,185,63,20,35,1278,Rio Grande do Sul,Sul
2016,60,47,33,26,39,311,942,1182,629,84,97,77,3527,Rio Grande do Sul,Sul
2017,26,31,39,61,41,96,707,633,278,85,139,82,2218,Rio Grande do Sul,Sul
2018,45,72,74,86,108,62,78,707,222,69,47,45,1615,Rio Grande do Sul,Sul
2019,33,48,94,54,26,134,379,1647,523,104,53,101,3196,Rio Grande do Sul,Sul
2020,32,89,227,457,423,158,201,1404,263,196,110,52,3612,Rio Grande do Sul,Sul
1998,0,0,0,0,0,27,366,2254,3756,486,3,33,6925,Rondônia,Norte
1999,1,1,8,3,3,10,135,1977,3059,1884,41,0,7122,Rondônia,Norte
2000,0,6,9,0,15,54,120,2200,2440,641,13,7,5505,Rondônia,Norte
2001,0,2,0,0,7,31,74,2133,1929,797,92,1,5066,Rondônia,Norte
2002,6,8,1,3,15,143,741,5484,15903,5410,875,102,28691,Rondônia,Norte
2003,69,14,12,18,102,230,1682,9052,10782,7593,750,253,30557,Rondônia,Norte
2004,31,16,28,27,32,297,1734,9259,23419,5089,681,268,40881,Rondônia,Norte
2005,122,41,16,26,61,261,1947,12801,20907,4718,671,78,41649,Rondônia,Norte
2006,14,19,15,9,105,232,1057,6348,14939,1895,1028,41,25702,Rondônia,Norte
2007,44,5,27,10,65,314,587,6769,14051,5343,235,50,27500,Rondônia,Norte
2008,6,12,2,12,20,79,475,2840,5122,2548,420,24,11560,Rondônia,Norte
2009,25,2,15,6,10,26,133,609,2426,1910,214,25,5401,Rondônia,Norte
2010,26,9,13,43,70,223,871,5837,7575,1724,351,228,16970,Rondônia,Norte
2011,2,11,6,12,59,169,320,1358,2460,1281,357,45,6080,Rondônia,Norte
2012,6,9,20,21,35,55,253,2561,3141,1866,271,74,8312,Rondônia,Norte
2013,16,8,30,27,19,32,159,1102,2472,510,103,135,4613,Rondônia,Norte
2014,11,4,11,16,26,99,209,2846,2806,978,187,141,7334,Rondônia,Norte
2015,24,17,10,12,13,120,417,3669,5200,2470,901,260,13113,Rondônia,Norte
2016,85,71,30,56,52,174,947,3551,3916,2041,413,138,11474,Rondônia,Norte
2017,43,15,23,20,29,152,1007,3249,4568,1726,423,58,11313,Rondônia,Norte
2018,15,7,28,7,41,148,769,1975,6034,986,198,47,10255,Rondônia,Norte
2019,33,22,28,26,50,170,780,5593,3644,556,263,65,11230,Rondônia,Norte
2020,56,39,38,33,58,138,428,3087,4202,2413,509,144,11145,Rondônia,Norte
1998,0,0,0,0,0,0,1,0,2,1,1,16,21,Roraima,Norte
1999,15,20,98,16,0,3,4,1,3,10,15,35,220,Roraima,Norte
2000,18,57,125,0,7,0,0,9,12,25,32,77,362,Roraima,Norte
2001,101,646,1107,380,9,1,1,4,1,13,76,76,2415,Roraima,Norte
2002,302,476,819,41,0,0,11,18,91,238,188,282,2466,Roraima,Norte
2003,761,1063,1486,354,6,4,0,6,8,24,52,223,3987,Roraima,Norte
2004,522,349,449,262,9,9,2,22,15,71,210,301,2221,Roraima,Norte
2005,155,207,441,56,6,10,8,16,108,121,175,158,1461,Roraima,Norte
2006,98,441,524,376,5,0,1,21,56,161,96,410,2189,Roraima,Norte
2007,288,1347,927,184,2,3,15,4,19,69,357,29,3244,Roraima,Norte
2008,371,223,702,278,22,3,0,13,30,112,165,31,1950,Roraima,Norte
2009,65,212,293,279,277,19,21,41,148,261,394,349,2359,Roraima,Norte
2010,457,634,536,19,6,1,2,7,27,87,39,103,1918,Roraima,Norte
2011,307,140,158,156,9,9,10,47,66,81,181,311,1475,Roraima,Norte
2012,239,172,183,49,21,29,3,8,89,201,257,125,1376,Roraima,Norte
2013,482,71,265,113,6,6,4,4,39,116,125,164,1395,Roraima,Norte
2014,557,332,603,183,63,5,9,16,80,65,197,409,2519,Roraima,Norte
2015,411,571,175,307,14,5,5,14,86,194,298,372,2452,Roraima,Norte
2016,1958,185,1195,154,22,10,1,17,18,107,69,134,3870,Roraima,Norte
2017,108,124,251,75,27,4,3,33,40,150,421,329,1565,Roraima,Norte
2018,480,558,727,191,10,5,4,7,17,141,120,123,2383,Roraima,Norte
2019,383,629,2433,1134,21,2,4,5,26,53,58,36,4784,Roraima,Norte
2020,297,483,695,165,11,4,9,14,62,113,19,58,1930,Roraima,Norte
1998,0,0,0,0,0,2,0,0,6,4,21,26,59,Santa Catarina,Sul
1999,11,2,7,0,1,0,2,51,101,16,84,89,364,Santa Catarina,Sul
2000,14,8,46,7,0,2,21,68,36,55,19,29,305,Santa Catarina,Sul
2001,11,0,1,1,2,1,5,25,18,26,66,45,201,Santa Catarina,Sul
2002,22,5,12,7,3,0,323,1263,1189,74,554,143,3595,Santa Catarina,Sul
2003,92,64,111,290,492,339,414,2611,1641,883,482,229,7648,Santa Catarina,Sul
2004,63,64,141,185,40,369,243,1357,943,1056,454,115,5030,Santa Catarina,Sul
2005,61,79,189,116,175,197,392,1357,208,225,500,83,3582,Santa Catarina,Sul
2006,74,35,90,227,346,220,707,1862,769,379,212,65,4986,Santa Catarina,Sul
2007,27,37,68,47,36,162,186,848,771,245,164,98,2689,Santa Catarina,Sul
2008,37,59,32,59,217,76,438,585,399,78,132,133,2245,Santa Catarina,Sul
2009,40,18,65,139,102,77,76,1133,82,286,67,36,2121,Santa Catarina,Sul
2010,6,19,25,36,3,40,171,1111,377,191,118,66,2163,Santa Catarina,Sul
2011,20,1,18,21,85,121,81,350,772,151,100,52,1772,Santa Catarina,Sul
2012,25,34,111,57,160,111,102,718,274,63,120,45,1820,Santa Catarina,Sul
2013,27,11,30,105,98,81,215,454,370,116,80,76,1663,Santa Catarina,Sul
2014,51,25,17,35,40,3,83,521,202,123,45,35,1180,Santa Catarina,Sul
2015,18,15,31,36,70,101,46,382,160,21,8,18,906,Santa Catarina,Sul
2016,64,2,20,33,36,104,610,795,677,56,144,20,2561,Santa Catarina,Sul
2017,46,27,20,28,35,66,461,558,491,40,164,69,2005,Santa Catarina,Sul
2018,9,48,22,150,77,52,161,574,126,74,53,71,1417,Santa Catarina,Sul
2019,41,10,22,12,3,104,189,939,272,68,63,81,1804,Santa Catarina,Sul
2020,35,36,132,308,286,102,89,977,203,172,69,16,2425,Santa Catarina,Sul
1998,0,0,0,0,0,451,597,580,525,433,487,121,3194,São Paulo,Sudeste
1999,7,47,78,291,500,522,683,1210,910,763,400,47,5458,São Paulo,Sudeste
2000,36,25,27,102,300,605,770,915,581,647,96,23,4127,São Paulo,Sudeste
2001,26,25,35,61,211,345,539,587,423,441,168,52,2913,São Paulo,Sudeste
2002,19,19,111,178,319,562,645,909,483,700,129,78,4152,São Paulo,Sudeste
2003,67,185,96,165,385,757,885,1194,1104,475,208,78,5599,São Paulo,Sudeste
2004,56,91,122,112,215,448,529,1012,1104,248,230,167,4334,São Paulo,Sudeste
2005,25,131,131,213,401,396,525,1161,291,264,206,91,3835,São Paulo,Sudeste
2006,108,92,187,285,587,667,1011,1096,840,233,171,95,5372,São Paulo,Sudeste
2007,43,179,267,202,392,611,423,754,779,601,130,95,4476,São Paulo,Sudeste
2008,47,34,110,132,282,178,579,489,589,120,86,150,2796,São Paulo,Sudeste
2009,33,87,108,199,219,231,159,347,148,105,81,48,1765,São Paulo,Sudeste
2010,56,184,153,148,254,635,943,2444,1923,327,153,72,7292,São Paulo,Sudeste
2011,76,77,47,76,217,318,581,1159,1211,250,110,64,4186,São Paulo,Sudeste
2012,49,110,139,121,108,63,235,521,908,259,74,79,2666,São Paulo,Sudeste
2013,51,101,61,172,170,70,243,602,590,133,106,93,2392,São Paulo,Sudeste
2014,67,97,58,93,178,312,462,1440,843,852,48,40,4490,São Paulo,Sudeste
2015,86,37,45,70,63,144,139,627,344,199,18,40,1812,São Paulo,Sudeste
2016,56,107,65,293,138,196,734,840,506,172,35,45,3187,São Paulo,Sudeste
2017,21,88,78,37,45,152,616,734,1930,134,35,35,3905,São Paulo,Sudeste
2018,41,26,126,85,317,292,1070,350,598,27,16,73,3021,São Paulo,Sudeste
2019,90,35,85,78,81,290,393,742,872,308,60,40,3074,São Paulo,Sudeste
2020,69,103,127,252,262,262,558,1111,2254,995,115,15,6123,São Paulo,Sudeste
1998,0,0,0,0,0,0,0,0,0,0,12,8,20,Sergipe,Nordeste
1999,36,25,18,6,0,0,0,0,0,0,3,5,93,Sergipe,Nordeste
2000,1,6,6,1,0,0,0,0,0,3,0,0,17,Sergipe,Nordeste
2001,2,2,1,0,3,0,0,0,1,5,5,5,24,Sergipe,Nordeste
2002,1,6,7,12,0,0,0,2,2,20,69,126,245,Sergipe,Nordeste
2003,210,63,76,51,5,0,3,0,6,4,5,45,468,Sergipe,Nordeste
2004,21,17,62,21,13,0,0,1,1,2,53,97,288,Sergipe,Nordeste
2005,111,40,44,13,1,0,0,0,2,13,27,42,293,Sergipe,Nordeste
2006,40,52,68,11,0,0,0,2,0,5,10,38,226,Sergipe,Nordeste
2007,60,30,4,6,0,1,0,0,0,9,18,63,191,Sergipe,Nordeste
2008,113,77,51,7,2,0,0,1,0,1,30,31,313,Sergipe,Nordeste
2009,78,72,42,20,0,1,0,0,0,2,11,27,253,Sergipe,Nordeste
2010,34,37,46,4,1,0,0,0,0,0,20,23,165,Sergipe,Nordeste
2011,42,40,65,19,0,2,2,2,0,6,5,48,231,Sergipe,Nordeste
2012,40,36,87,40,16,3,1,0,0,0,6,22,251,Sergipe,Nordeste
2013,32,47,59,14,2,1,0,0,1,3,6,9,174,Sergipe,Nordeste
2014,18,16,26,7,1,0,0,0,1,3,8,9,89,Sergipe,Nordeste
2015,37,33,45,24,9,3,0,0,1,4,41,44,241,Sergipe,Nordeste
2016,7,15,25,13,9,0,0,2,2,7,18,36,134,Sergipe,Nordeste
2017,30,12,17,8,1,0,0,0,0,0,1,8,77,Sergipe,Nordeste
2018,14,18,22,13,1,2,2,5,2,16,16,29,140,Sergipe,Nordeste
2019,31,13,12,2,4,0,0,0,0,1,2,16,81,Sergipe,Nordeste
2020,29,9,5,6,5,0,0,1,0,4,3,15,77,Sergipe,Nordeste
1998,0,0,0,0,0,252,640,3748,5154,1736,1,9,11540,Tocantins,Norte
1999,36,1,1,9,25,114,373,1284,3421,1378,29,16,6687,Tocantins,Norte
2000,15,6,4,0,69,280,503,1952,2552,1057,96,20,6554,Tocantins,Norte
2001,19,6,0,19,49,303,834,2239,4845,682,100,21,9117,Tocantins,Norte
2002,36,48,33,39,139,397,1126,3313,6981,2137,226,72,14547,Tocantins,Norte
2003,51,12,21,81,293,869,1502,1553,5640,1772,197,133,12124,Tocantins,Norte
2004,41,9,32,122,558,1186,1541,2036,6748,2154,569,151,15147,Tocantins,Norte
2005,75,34,22,107,295,766,1558,2781,6319,3779,384,94,16214,Tocantins,Norte
2006,146,19,19,21,204,870,1031,2066,3831,1660,339,93,10299,Tocantins,Norte
2007,62,11,148,136,730,1450,1955,5963,10066,4366,411,91,25389,Tocantins,Norte
2008,45,14,4,63,250,769,1008,1679,2937,3547,371,66,10753,Tocantins,Norte
2009,67,32,36,16,103,441,1000,1141,2279,902,353,58,6428,Tocantins,Norte
2010,101,51,125,431,632,1783,2970,8299,11611,2635,365,97,29100,Tocantins,Norte
2011,25,13,36,120,379,788,1006,1582,4609,1741,203,135,10637,Tocantins,Norte
2012,14,51,83,243,487,940,1655,4269,7015,3874,243,170,19044,Tocantins,Norte
2013,59,37,63,162,411,895,1398,1805,2512,2194,320,79,9935,Tocantins,Norte
2014,90,55,41,172,585,1343,1364,2790,3339,3673,423,200,14075,Tocantins,Norte
2015,196,48,66,65,487,1118,1198,2451,4470,4518,770,318,15705,Tocantins,Norte
2016,30,318,132,340,725,1100,2607,3213,3073,2255,586,115,14494,Tocantins,Norte
2017,57,24,79,161,626,906,1823,2540,6625,2255,496,81,15673,Tocantins,Norte
2018,97,16,64,127,599,914,1321,1361,1796,1371,201,166,8033,Tocantins,Norte
2019,84,78,82,209,690,1406,1598,2916,4505,1462,376,219,13625,Tocantins,Norte
2020,75,77,111,221,446,1188,1361,1714,3977,2192,520,211,12093,Tocantins,Norte
